<?xml version="1.0" encoding="utf-8" ?>
<application
	xmlns="http://ns.adobe.com/air/application/1.5"
        minimumPatchLevel="4">
        <id>com.adobe.air.samples.dragnshare</id>
        <name>Drag'n'Share</name>
        <version>1.3</version>
        <filename>DragNShare</filename>
	<description>This is a sample application that consumes the 'Google Documents' public service.</description>
	<copyright>Copyright 2007-2008. Adobe Systems Incorporated. All rights reserved.</copyright>
	<initialWindow>
		<content>root.html</content>
		<title>Drag'n'Share</title>
		<systemChrome>standard</systemChrome>
		<transparent>false</transparent>
		<visible>true</visible>
		<minimizable>true</minimizable>
		<maximizable>true</maximizable>
		<resizable>true</resizable>
		<width>800</width>
		<height>600</height>
		<x>150</x>
		<y>150</y>
		<minSize>800 600</minSize>
	</initialWindow>
    <installFolder>AIR Examples</installFolder>
    <programMenuFolder>AIR Examples</programMenuFolder>
	<icon>
		<image16x16>src/icons/AIRApp_16.png</image16x16>
		<image32x32>src/icons/AIRApp_32.png</image32x32>
		<image48x48>src/icons/AIRApp_48.png</image48x48>
		<image128x128>src/icons/AIRApp_128.png</image128x128>
	</icon>
	<customUpdateUI>false</customUpdateUI>
	<allowBrowserInvocation>false</allowBrowserInvocation>
</application>